email,nickname,pid,event_signup_id,event_signup_form_id,verify_code_id,start_time,addRespTime,queryRespTime,error
batch0001@batch.com.tw,測零零零一,270715,ae27a26d-cfa6-42f0-8507-44ddaafb5f68,e5f4ca86-161c-4e57-89f3-6cfa15cffa26,00edd8c4-70e6-4b2d-ab64-d6566e39187a,20250417 14:45:24,2282.481,173.1,
batch0002@batch.com.tw,測零零零二,276833,8d973669-c6c9-4681-b94e-e3af4157679e,33b85b62-daa6-42bd-936a-8a6d8d46f0a0,9eca8591-5e38-47ad-b839-e39e0e5d5bed,20250417 14:45:29,1638.94,148.699,
batch0003@batch.com.tw,測零零零三,271826,3c89240c-d74c-411d-a263-674cc1f8b228,744c8163-c3dd-4211-80a8-0433ed125108,0f389804-6bbf-4c90-9d55-62e92a92acb2,20250417 14:45:32,815.692,90.687,
batch0004@batch.com.tw,測零零零四,271827,1a93e35d-c98e-443e-b016-b5ead0bc7ae3,7065d5c0-4fdf-418e-98f5-3b9efc1e01f8,03eabbb8-a900-469a-8e92-921d9858da90,20250417 14:45:35,1158.238,96.927,
batch0005@batch.com.tw,測零零零五,271828,e2ed9a8b-e553-4abc-a395-219f3e1a8d50,a5f5b345-3c08-4cc2-972a-d238c6037e5b,51fadd8b-7af4-4167-9a10-03b45f94e35a,20250417 14:45:39,1353.64,85.587,
batch0006@batch.com.tw,測零零零六,271829,38797cff-28e3-4ef5-bcab-850f30410cda,ec237c9f-999b-4dc6-8400-3a1d7839a238,474405b0-a7c5-420a-981b-0179ac2a559f,20250417 14:45:42,2448.934,88.571,
batch0007@batch.com.tw,測零零零七,271830,e3d01c7c-f0ad-444d-974d-92f93f861b97,f0d958b4-b023-4d68-a271-ec0579cf49c1,847f6bc7-7d42-468a-8d93-c7a7401b718e,20250417 14:45:47,1944.749,83.44,
batch0008@batch.com.tw,測零零零八,271831,63851bda-ae0d-4b35-b52f-c300eb28ab62,c50dc4bc-946a-4e85-a187-51d3aa059069,15597285-d4c3-43c5-aba3-e98e650dec77,20250417 14:45:51,1705.608,82.094,
batch0009@batch.com.tw,測零零零九,271832,26086356-4782-4f04-b580-2006c69c61d0,f4b6937b-d498-4032-8545-3fd8b43f381c,6fe46ed3-f3a5-422c-bb19-559eddc5aacd,20250417 14:45:54,1336.777,146.756,
batch0010@batch.com.tw,測零零一零,271833,124e246e-80d9-447d-a4e6-d04122dbf0a2,92bfebb8-508b-4b1b-bb97-1c429ef13a1d,8b50c666-1fd3-4b22-81d9-6df3f39b161a,20250417 14:45:58,725.959,987.462,
batch0011@batch.com.tw,測零零一一,271834,f1947d8a-fe80-4bae-bbd4-34adb551490e,5763831e-1a1c-495b-a937-5b949ffad292,3e7c98df-cd14-4e7b-8b1f-79171cc18571,20250417 14:46:02,687.471,978.142,
batch0012@batch.com.tw,測零零一二,271835,4d5e9ad3-f29f-423b-be05-ecca4a3923e5,5d9bcef4-7d03-4cac-a07b-e395d5dcd263,e488214a-aa5a-4e85-86e3-e3e7db2acb8e,20250417 14:46:05,630.43,1106.121,
batch0013@batch.com.tw,測零零一三,271836,06cf9e07-eb34-4262-b6bd-1da497e2cacc,37370ef6-677a-46b8-ad6f-d5c51ca5637b,0a684ef6-0f7f-459b-b7f2-7549d7621f69,20250417 14:46:09,680.43,500.254,
batch0014@batch.com.tw,測零零一四,271837,49134811-ce16-4b3d-b419-5e85d821bec5,a52497f5-946e-4adc-acf3-ecf7624a7b34,bfe16e7d-9d20-4c48-a579-fdeb98d5b82d,20250417 14:46:12,935.833,403.87,
batch0015@batch.com.tw,測零零一五,271838,fd906db1-cc7b-4e74-b6d3-f234ea89be48,b56e2782-6b3e-49d9-94b6-cf920b23280d,3a9455e3-a2d9-47e9-81fc-6ccc009a553c,20250417 14:46:16,1150.259,677.869,
batch0016@batch.com.tw,測零零一六,271839,5636ac20-71a0-4566-a2af-59fc632eb602,f977e091-47ab-423c-9442-cdccf77da8fc,5b0235a8-1e91-4ca2-a01a-0d47c2a279fa,20250417 14:46:19,633.765,644.268,
batch0017@batch.com.tw,測零零一七,271840,3e7233f2-3f9e-4e5f-9ce2-5247dfbd9b1a,aec85039-f7a4-4b59-bea1-c1a052d7ae6b,744087fe-3ae6-458c-b71d-ce8d8c24f5e3,20250417 14:46:23,776.355,895.052,
batch0018@batch.com.tw,測零零一八,271841,cf8b51ac-74fa-41fc-84f7-d135185391bf,b1e25b9d-cda5-4f45-aa09-0158e8b337a0,57dae1e1-23bc-4177-b0ce-762beb983281,20250417 14:46:26,746.006,537.952,
batch0019@batch.com.tw,測零零一九,271842,2e5faa11-5c74-471b-826b-0d9b1b46c413,b45b9e27-9d39-440c-9cd9-22d6896b4f2f,1545f0ac-1f11-4494-8d14-ad081bb840f0,20250417 14:46:30,772.48,456.605,
batch0020@batch.com.tw,測零零二零,271843,18a421dc-a7d5-46b7-8970-33c33519590d,5a455ad6-1362-4c31-9cea-e73d0af2220e,7f9b000c-144c-4cad-85b4-24cf801dff75,20250417 14:46:33,1426.642,1170.086,
batch0021@batch.com.tw,測零零二一,271844,de93b370-01c0-4908-98c3-bf09c7fac9d1,9311adf8-ecc7-429a-bca2-bc2535425b23,b9b50f33-efd6-43e7-a255-460344bffdf0,20250417 14:45:24,6528.434,656.582,
batch0022@batch.com.tw,測零零二二,271845,d2f3558a-c98c-4bd5-b43c-1939cc386864,c0919ea9-3a3f-418a-9432-4bf60057c192,c46cec4c-746d-4851-8ad4-afc09bd04ff5,20250417 14:45:33,3123.686,473.901,
batch0023@batch.com.tw,測零零二三,271846,294adae0-4b1a-4b8c-9b0b-8aa73a389b33,8695a07f-713d-4ead-bb31-c145c93d82ef,82e192c4-1273-42b1-b8b0-5f345107628a,20250417 14:45:39,2278.269,1503.958,
batch0024@batch.com.tw,測零零二四,271847,e4ddabe3-af35-4573-aaec-c86f4067dff9,26b6ddb3-7ea0-486e-8db6-f98d14c1bba3,d320158a-73f4-4693-a024-ffb6ccde1ed0,20250417 14:45:45,3150.665,892.079,
batch0025@batch.com.tw,測零零二五,271848,0deff864-6d2a-4d9a-a30b-520afe2be966,caea8cb9-51c7-453d-91d0-efaa404a7f46,efdab147-4877-4d3f-8b6f-8d14a4744c97,20250417 14:45:51,2538.633,1350.149,
batch0026@batch.com.tw,測零零二六,271849,7803cfdd-4cbd-4d4a-8ec7-db219db56f69,74436ba3-8369-4a39-8cc3-bd8338d005d7,11226f1e-17e9-458c-a2e8-0ce2da098ab1,20250417 14:45:57,2065.332,1465.948,
batch0027@batch.com.tw,測零零二七,271850,3aab4921-91a9-40e4-9921-6633c312fdb6,b878716f-e817-409c-b0b6-a6bc2544200c,f0a0b057-8e92-4e52-adc9-173fb99d5f57,20250417 14:46:02,2037.128,2146.203,
batch0028@batch.com.tw,測零零二八,271851,91f33bf2-ddf3-4931-b95d-990882b057c7,814aeb06-0f54-490c-b2f7-05e99b13b8f5,9a0a0998-1004-467e-bf4a-f2e3b69427b0,20250417 14:46:08,1968.93,1609.54,
batch0029@batch.com.tw,測零零二九,271852,c809e470-f437-4e35-90a7-d659963d26b3,cd2faa80-bf90-4231-a7aa-b1b6e0ca2c6c,333cb7ca-a51f-4420-88a7-8f20f3f4c2d8,20250417 14:46:14,3306.276,1029.822,
batch0030@batch.com.tw,測零零三零,271853,8c189bfc-9c16-480c-ab2d-e4487b84cc79,1554b5fd-fb8b-4da1-9bc8-a1d0d09cfb03,e5d874d3-cbd0-43e6-94bf-6cec6e31326a,20250417 14:46:20,2326.952,1787.08,
batch0031@batch.com.tw,測零零三一,271854,f30bffbc-e997-4683-8131-2d3f9254281f,50e8a1bb-0c53-4868-8b45-7e97a2c1f144,1ca276e4-4e88-4dad-b1d5-3d4d4ea4ee55,20250417 14:46:27,1884.468,1305.067,
batch0032@batch.com.tw,測零零三二,271855,deacca74-5410-4be4-b5a4-f8d997add42b,f44d4eb9-e93c-44f5-85ab-fa997eae2d52,fbfc04b7-a4ca-4dac-acc1-a2b32e397b10,20250417 14:46:32,2919.263,521.999,
batch0033@batch.com.tw,測零零三三,271856,80ac814d-1f29-4250-9b2f-d476711d6241,c5d950ac-fdac-4e6d-b9fe-bdd224316d47,544c6223-0d4e-42ad-8de5-e155b9bd594b,20250417 14:46:37,1958.236,1888.839,
batch0034@batch.com.tw,測零零三四,271857,6213a269-8bd1-4927-a9c6-216fc835a27a,aa187f4e-8891-4521-bdd5-0db89150a61d,f9a1221a-1e04-4169-a074-6a04df2376c0,20250417 14:46:43,2201.157,2237.577,
batch0035@batch.com.tw,測零零三五,271858,b95e878d-be48-490f-978c-e2d2dee976f6,59aa89a8-3f3c-47f1-84e5-7526196e4648,afc76d90-22d2-4fa0-9183-5cf03b1f529a,20250417 14:46:49,2252.822,1970.918,
batch0036@batch.com.tw,測零零三六,271859,9d55e6e9-f565-4723-8341-598dc7209a24,d54d727f-692a-4ed0-a604-3333db49b5da,a88a36ca-ef03-4aa2-8648-e051d24093e7,20250417 14:46:56,1656.039,1220.915,
batch0037@batch.com.tw,測零零三七,271860,3d530587-0637-45b8-aeb1-b1ec36b55fe1,70da025d-0162-4eac-a5d9-f6e6c8c2527d,86de6577-e5f5-48ce-91b9-eb7a161546f8,20250417 14:47:01,2527.631,854.412,
batch0038@batch.com.tw,測零零三八,271861,a77e972e-2f02-4337-86dc-c56c66caba34,c449c816-5af0-4527-904c-2980154fcc8b,9abafb99-e2c9-44b2-8cd9-0a69b164bddf,20250417 14:47:06,1892.919,1362.198,
batch0039@batch.com.tw,測零零三九,271862,4823e800-ca6d-4621-8ed4-db49cd797963,9cb44f6d-5f9e-45e2-9781-cf4188fbf951,71daf5ea-47bd-44f4-bf4f-2472ba53c517,20250417 14:47:11,1944.579,1862.35,
batch0040@batch.com.tw,測零零四零,271863,95fe37aa-cfb6-4ea5-bf3f-3e6346dec9c4,bdd509b5-a3d9-4393-b069-ae7117380d40,8006cd27-3c26-4ae9-9982-7ba29209c3c7,20250417 14:47:17,1600.685,1053.127,
batch0041@batch.com.tw,測零零四一,271864,30b65602-a63a-4ece-a242-860f5d4f6456,ab7f36f2-8c64-406d-96c7-5d80e83ca3ce,944e1587-96fb-4a91-a5f4-b1ec75deada4,20250417 14:45:24,4284.658,209.159,
batch0042@batch.com.tw,測零零四二,271865,165414f5-f9e9-47ca-b59c-a22729da7ad9,d304b021-564c-4ec5-ac2c-e571b5eacd65,42ae5480-0ee2-4845-920d-396c56c1731b,20250417 14:45:31,5170.472,534.046,
batch0043@batch.com.tw,測零零四三,271866,aba856c3-abec-42eb-aee0-e8e13c01b3bc,3f4f6d3b-514d-46ab-b025-e2fe38ab16e7,ee1b0ccd-a117-4908-b321-6777da27eaa0,20250417 14:45:38,2441.134,1918.574,
batch0044@batch.com.tw,測零零四四,271867,b18aa4a7-ab9d-4bcf-b0ca-77cfa76987ca,2a336133-4024-4d34-a11c-38d22d7980cb,1d5c7f89-e3de-4bee-9847-26fc9c392bf0,20250417 14:45:45,2612.54,1413.146,
batch0045@batch.com.tw,測零零四五,271868,56d9b28a-71b6-4b13-8571-c84e4d851800,433f245e-d2fc-48ca-890f-5bc21f730f11,5ea7fe27-974c-40b0-a789-b83ec33067b2,20250417 14:45:51,2386.563,1520.718,
batch0046@batch.com.tw,測零零四六,271869,5b934b36-b7a4-4bd2-9d32-ba5cc8aafaba,22eaceb9-b4b8-4788-a645-6f044f62946f,190817cb-c212-4bcc-bf58-2b8caefddc66,20250417 14:45:57,1904.042,1609.208,
batch0047@batch.com.tw,測零零四七,271870,73b1af15-7bbf-4cad-b621-fcd368ee8d4f,a462cff2-41d0-43be-b1f5-d90952ee6144,c5b3b243-f726-4ba6-9268-7b30af02f948,20250417 14:46:02,2057.309,2131.815,
batch0048@batch.com.tw,測零零四八,271871,0673fb42-7da4-4f03-8951-1c2526188b6a,4609f77e-0176-4539-acb6-fd0b0bc7e437,58e446b6-36e1-46e4-bcf3-5529820e8518,20250417 14:46:08,1982.954,1590.95,
batch0049@batch.com.tw,測零零四九,271872,1e578f80-4cb8-4df0-a8f8-e7c970e3cc19,28ab1da4-3797-491d-8fa6-78893bf0ad33,45467dad-ab30-4933-9fff-c671011748d9,20250417 14:46:14,2640.733,1714.418,
batch0050@batch.com.tw,測零零五零,271873,c217db0d-7785-435c-95e9-51bcc33c8404,d4499a5b-e733-465e-a79c-0999c8f96a44,6077b1fb-a457-4537-9562-4abea01ee1b3,20250417 14:46:20,2501.949,1629.47,
batch0051@batch.com.tw,測零零五一,271874,8ba59974-fb5b-4db8-add7-a3e8056af6c0,f3f13d21-4637-4d98-8be3-3a023e39fab4,ee4ff1bf-0a2c-4338-be58-fb4a000d18b8,20250417 14:46:27,3158.609,169.48,
batch0052@batch.com.tw,測零零五二,271875,f0b56e7b-2bdb-48c9-90dc-9a499971e7f1,326822d9-c3db-491b-961b-f2a40b930cdb,5a5cb842-8081-4464-825f-43afa220da1f,20250417 14:46:32,4428.939,1575.165,
batch0053@batch.com.tw,測零零五三,271876,610e5efc-f37d-403c-a60a-827ec67d7818,54470fce-9970-4566-b623-501fb8adf30d,7a7429a8-46c3-4e98-a335-9a90ba075af3,20250417 14:46:40,3498.332,586.489,
batch0054@batch.com.tw,測零零五四,271877,db164d4d-e738-4dfe-a971-aee59bed2bcd,1c81cd80-8119-426c-9a80-0fc2ba80598a,16177da5-ee92-477a-b234-6ab0e0024327,20250417 14:46:46,3016.231,942.653,
batch0055@batch.com.tw,測零零五五,271878,069d6920-a285-475f-a4d9-c4c5981fcf37,26e15f09-a9e7-45b8-86fb-381b8978b1ba,93d58f62-c3bc-4008-a287-1f95e3c895ee,20250417 14:46:52,3517.895,368.473,
batch0056@batch.com.tw,測零零五六,271879,141e7775-e992-4c98-9ee4-673d42ea51fc,66ddb663-801a-4825-81aa-459f70878f39,62c87ea7-a11b-480d-b720-bd44df5dbfba,20250417 14:46:58,2335.667,1103.027,
batch0057@batch.com.tw,測零零五七,271880,cdde35dc-ee02-4920-9fb4-93af7a8e2694,d0925ce8-eef2-49a6-87c5-1dd2f092ad84,0ee4fd2c-1e3b-4114-90f5-9252227ac7f3,20250417 14:47:03,1962.834,1394.154,
batch0058@batch.com.tw,測零零五八,271881,df679dd1-a603-4dd5-a952-d45f215c6250,f549e1d8-f4d8-4e83-a3fe-4f22e9d1a3ac,f8210093-6c98-4eeb-b288-edb4f4723082,20250417 14:47:09,2394.36,872.503,
batch0059@batch.com.tw,測零零五九,271882,b84a96b1-16ac-426e-9ea8-7a1250492212,6fd2e14a-91fb-48ea-8fd0-b8630578bf55,a5f644f0-3456-4481-9328-336512cb7e6b,20250417 14:47:14,2299.514,1395.881,
batch0060@batch.com.tw,測零零六零,271883,359d09ba-1f96-4525-9109-665b212b191c,b587dcd6-26e3-416b-95a8-9f6074899a27,dac746cb-d1ab-43be-95aa-170751710c8d,20250417 14:47:20,1279.608,933.723,
batch0061@batch.com.tw,測零零六一,271884,856691bc-fa0e-4c95-957e-f0bd9f5f282e,5d9904b3-6718-406f-b007-6f79d11df23d,0634268e-3a26-4a74-8a97-f770c7ee14e7,20250417 14:45:24,5116.15,2344.557,
batch0062@batch.com.tw,測零零六二,271885,4df6deba-0c36-4437-8ba5-9dea4ed9a4a4,0094bbeb-009d-4f84-9f5f-455c9f997d72,901f43d3-4ca0-49ca-9b49-59a1633ee19b,20250417 14:45:34,4127.04,1751.483,
batch0063@batch.com.tw,測零零六三,271886,ed7c5a91-465d-4ea1-9dde-fd587b5bc5dd,35c70386-4818-4118-8010-5d0f91c050d3,d9d48fb8-9178-42ed-9adc-cc78b9190876,20250417 14:45:42,2679.747,1813.409,
batch0064@batch.com.tw,測零零六四,271887,803cfaac-2b6f-488d-b200-4656eb027fcc,013ca8c3-6983-4eb4-9cee-2f5add038d19,9a954ae2-ea54-4428-ad15-a3934dfd49e8,20250417 14:45:48,3107.386,929.962,
batch0065@batch.com.tw,測零零六五,271888,22102e4f-ff8d-4398-b92c-58c8080c2134,e0770eea-e1e7-4146-bf4a-610cee538d60,223854e5-218b-4029-8f23-083d3f1dac6b,20250417 14:45:54,2555.175,793.26,
batch0066@batch.com.tw,測零零六六,271889,4e7c0899-bbea-4fa4-9db0-e2326097b6d6,40b4ee1d-61c8-40ad-9944-b4e97f044029,e4cbaf96-361c-4d7f-88f5-27ff1688bbf3,20250417 14:45:59,3465.572,378.241,
batch0067@batch.com.tw,測零零六七,271890,2f67b9f9-829d-4928-9434-1f7f7425e54f,2ba1f5a9-9581-44d2-b609-3dc671d467cf,55b79f87-4afb-48f7-9c87-69c868d6c719,20250417 14:46:05,4880.951,1768.223,
batch0068@batch.com.tw,測零零六八,271891,edb38290-d1fa-47ef-b401-a134dfd65b44,4ffdec86-44dd-41b8-88d6-0beeac6ddae3,75cfc0ce-6510-477d-af8b-8e932625b1d2,20250417 14:46:14,2528.133,1884.471,
batch0069@batch.com.tw,測零零六九,271892,847b0e76-2062-48b0-a587-8da13bc401eb,8e5dbe2b-4648-4dc6-8290-952bb31d5914,96bd957e-4b87-4205-855e-2adf3be10d1e,20250417 14:46:20,5138.966,1239.97,
batch0070@batch.com.tw,測零零七零,271893,cd808953-30b7-45a4-9200-838d60c06896,462add0d-aa23-4d34-9a91-607d96bf74bd,59860510-db78-4193-8fab-2a3f91e07a4d,20250417 14:46:29,2299.568,1842.209,
batch0071@batch.com.tw,測零零七一,271894,5e162ce0-bbee-41ae-90f7-6393b04eed53,a98d05c3-5fbf-444f-851a-7db8794d5c8c,4db7de9c-0660-4235-b4fe-e17d3bc71568,20250417 14:46:35,1634.106,1308.896,
batch0072@batch.com.tw,測零零七二,271895,419e7b19-98e3-4175-a428-428064c0a1c2,dc131dd7-4d04-4916-a0a2-4ac8bdd41c59,6ff4c2e9-9ca6-4aeb-85db-5e74373e6d09,20250417 14:46:40,2876.231,1140.106,
batch0073@batch.com.tw,測零零七三,271896,2e989ada-eed2-41c1-8a10-d7a9a0d35b0a,8c3abc22-d40f-4cec-a8c6-af9856a2197f,b28915a2-47b1-4196-8794-8dc3a2ed6dfc,20250417 14:46:46,2819.862,1203.904,
batch0074@batch.com.tw,測零零七四,271897,c0f284eb-32eb-4c0c-88a8-4f458bc3e7aa,935726ba-8e75-4aba-aca0-99cd888a179c,86e0695a-ecd2-4a30-94e1-d2c4d71d2a5a,20250417 14:46:52,2835.717,1032.388,
batch0075@batch.com.tw,測零零七五,271898,d7e17438-788b-4845-bda1-58adc1404a7e,486c68be-052d-435a-985d-ce96b47a8f34,79537236-7071-452e-9f10-8fff35b16f95,20250417 14:46:58,2399.516,1069.066,
batch0076@batch.com.tw,測零零七六,271899,b45dcb81-2798-4b28-a698-df42287aa526,87e3eb38-d959-45c3-8b62-cc64773ea985,3354b0da-2518-40bb-a73f-38856e38acab,20250417 14:47:03,1914.537,1392.856,
batch0077@batch.com.tw,測零零七七,271900,27e03a69-4711-4902-9f08-c04d067367fd,d61d608a-a3fd-4711-9f3b-e57754dca85c,a4a67c1c-d53a-4364-93d3-9962f7efa01e,20250417 14:47:09,1972.273,1337.44,
batch0078@batch.com.tw,測零零七八,271901,fff833a8-86da-42f1-8414-23169d27d03e,2758b987-3567-402d-8098-ba97fea8e409,96a79d29-f7a2-4774-b3c8-56a83f594a04,20250417 14:47:14,1875.617,1819.334,
batch0079@batch.com.tw,測零零七九,271902,7ef2bc89-3398-4d76-b051-303341b2029c,56917372-fdb8-4f2e-9cf4-04fa01dfc1e4,d9b0d0b5-6e69-40fe-a868-e55ad98703ca,20250417 14:47:20,1148.897,1064.522,
batch0080@batch.com.tw,測零零八零,271903,57806fd5-6afd-4fcc-82a8-95576f014f67,d3235228-a301-4038-9ea2-3df3ed09bdf7,dda140c4-076f-44f7-a07b-4130fd3754f6,20250417 14:47:24,672.466,484.733,
batch0081@batch.com.tw,測零零八一,271904,7b77bf8c-44e8-4a88-b2ed-4507ee6c10fb,4e9938bc-55ce-449a-a24f-ad330adbaff3,224b340c-4601-470a-bf85-c231a0fed0a6,20250417 14:45:24,5814.038,1344.735,
batch0082@batch.com.tw,測零零八二,271905,44b0797c-e10f-4ba5-8e76-8dfcc2b297cd,df1f500a-5301-47cd-a58d-1c621e8023d6,9916a5b4-bda7-49e4-b4d9-99b2c20138c1,20250417 14:45:33,4146.466,2034.414,
batch0083@batch.com.tw,測零零八三,271906,83f37cd0-3cd0-41c6-ad67-ee237670dd4b,8ddb9c7f-b34a-445c-a68f-e4306b205260,1c168311-60fb-4b65-8991-f594ff72f8e1,20250417 14:45:42,2520.607,1971.661,
batch0084@batch.com.tw,測零零八四,271907,c3caaed2-ac7b-408e-aca1-ac6edfa3490b,7ea61a71-3b77-4a9c-9f33-2ff96fba7ca1,3c497e54-e8dd-48dd-89a9-6e924c2c3a85,20250417 14:45:48,2610.89,1309.234,
batch0085@batch.com.tw,測零零八五,271908,4ee0d253-e096-4ee1-962d-469a4d0ef64e,ef334dee-cb93-4e19-bace-a84ae1ae4807,f5fab2b8-0e4b-47fc-849c-c5f012a5b3eb,20250417 14:45:54,2243.773,1199.734,
batch0086@batch.com.tw,測零零八六,271909,9a0e985b-7507-4f42-93c2-4e72ce61c1e8,02252295-55b9-45a0-8912-b1ea6a6f756e,ae24ee7e-0f82-4b58-943e-86dfa8ab09b5,20250417 14:45:59,2452.876,972.111,
batch0087@batch.com.tw,測零零八七,271910,91be9c35-f1c6-4114-b5ed-50034d010f9f,5a606123-c9f6-41ec-9d8e-bee98f0cedc6,aa0b4ee9-f9f7-4726-a122-5d97af3d1b65,20250417 14:46:05,3609.199,767.528,
batch0088@batch.com.tw,測零零八八,271911,d3e9fb93-61b0-4a1d-b877-21ee54783fbf,3c1d1191-c45e-40b4-a9f3-f8f49ef987eb,f8c93c24-e0f7-432f-98aa-2b244259f9b5,20250417 14:46:11,2696.937,1367.316,
batch0089@batch.com.tw,測零零八九,271912,7b54ef6a-bee4-4754-9dc5-a1438d3c8a48,b08dfe8f-fe31-49e0-b7ce-21929c301980,6e766a60-7bfa-4af1-b461-260e7d6b9f7f,20250417 14:46:17,3079.675,955.54,
batch0090@batch.com.tw,測零零九零,271913,d8a5d129-8241-42e2-8de5-52b4075e5927,4bd225e8-cf56-4caa-83e1-25c54817746b,e21e20b8-3c70-44a2-8316-2f0b67e44968,20250417 14:46:23,4637.161,1695.659,
batch0091@batch.com.tw,測零零九一,271914,af0237fb-6ecb-4297-9757-b6ad48d0757d,33b15c08-ab0b-44a9-be1b-0ca62d6b7cea,0c6f74ee-12fa-4c16-9d61-62819d1b0cae,20250417 14:46:32,4379.981,1777.691,
batch0092@batch.com.tw,測零零九二,271915,e903103c-851e-4f3b-82e2-7bdb10a375ab,73e314bd-f54b-455f-8e55-371f22e35353,d0f60cd5-9b02-4768-b63b-9c0ef5f64cd1,20250417 14:46:40,2301.631,1707.603,
batch0093@batch.com.tw,測零零九三,271916,ef20a1fc-c8a9-47bb-9209-c53cfdb9bff6,80ba655b-a996-4f6a-85b3-c3236f1f9dae,3c2f061c-c5a1-4196-887e-6da922528016,20250417 14:46:46,4269.47,547.726,
batch0094@batch.com.tw,測零零九四,271917,4bfd7d4b-6387-4d33-baed-ba3e591fcb2d,2315c4d3-8197-4437-972b-424642100a1e,5a2fa48b-be23-463c-9710-0be87ab0a597,20250417 14:46:53,4107.708,1696.558,
batch0095@batch.com.tw,測零零九五,271918,70bd10be-fbfc-454c-9328-5912e919499c,a3930244-19b0-4bbb-af3a-83888f119de0,8d5ce261-bea3-46b6-bd15-ff30529cbe85,20250417 14:47:00,2000.611,1416.117,
batch0096@batch.com.tw,測零零九六,271919,44be2ab3-b80b-43f3-8a69-552b3ac46cdb,dd836432-2c66-4583-9a02-29628f30b8f8,5f5d1936-901f-45cf-9aab-9ab56e4d399e,20250417 14:47:06,2106.803,1156.825,
batch0097@batch.com.tw,測零零九七,271920,8832fb11-025a-4c75-88e2-1f481393c68d,43b52b4c-3acb-4d76-a9ba-49791dd395d2,a4f1d5b2-c94b-481c-99bc-ea775a9f5fab,20250417 14:47:11,2275.79,1213.476,
batch0098@batch.com.tw,測零零九八,271921,50dcc0e6-116f-485b-b7a1-56e2bdd05646,d96ad50b-8a1f-4165-ab2d-f40bb2619829,08f10e7e-a763-4542-9d0c-059b52b16811,20250417 14:47:17,2913.79,131.155,
batch0099@batch.com.tw,測零零九九,271922,70b598a5-a239-41f7-8446-62873a74acbb,b3d7e46b-5741-4a7b-8dc3-f1c1930fe5d3,99cc39b9-081a-4fd5-94d7-41b24ca5ab7e,20250417 14:47:22,1223.445,451.37,
batch0100@batch.com.tw,測零一零零,271923,6598e9b9-3ad9-443a-981f-88e175be41aa,fb4490fd-ed36-469a-bb25-c755a7909139,98651c7a-373c-4777-bdcb-bc4b53efe8f8,20250417 14:47:25,607.336,79.067,
batch0101@batch.com.tw,測零一零一,271924,aa6861c4-5aed-4ecf-bf5f-ab0305f5c253,f17f006d-098f-464f-8379-312f2dee20aa,fdbea8e7-ef2f-46dd-a12d-2b33e5161617,20250417 14:45:24,1776.429,167.373,
batch0102@batch.com.tw,測零一零二,271925,9345b6fc-bbd0-4a42-a546-2195072ba3ca,beb2edf2-12e6-4f38-9b1b-fca8c828d5d0,88d0d896-7944-41b4-91dc-92debe4fcea0,20250417 14:45:28,1562.517,88.672,
batch0103@batch.com.tw,測零一零三,271926,527431d2-1269-45f9-abd6-a329aea1b7ea,b1e49d76-d48a-4f1f-8030-b6c1e193713f,c2b875b6-c712-4cef-8d08-d3ae37eaa312,20250417 14:45:32,663.626,116.107,
batch0104@batch.com.tw,測零一零四,271927,dfcd616d-0986-4bee-bfb1-7e33962e223a,af3786cc-19f6-4668-a1d9-2052168b347e,e01a4281-0276-48a5-b6af-5030dee14cc7,20250417 14:45:35,1732.201,99.022,
batch0105@batch.com.tw,測零一零五,271928,bd95618e-25ce-4c86-8f46-15fbd9842815,93061123-226d-4c59-89da-936a5a58be3a,96ad7acb-9dd3-40fa-807d-fa0c0b6ce042,20250417 14:45:38,2291.691,84.759,
batch0106@batch.com.tw,測零一零六,271929,45d1733d-2184-42df-bf3b-7193d0d104b5,9e498b1b-dd7a-4fba-a985-e8c9a427bcd5,147434ab-9221-46b3-b9ad-1e666425fd04,20250417 14:45:43,2289.528,107.886,
batch0107@batch.com.tw,測零一零七,271930,8beb1d51-77a3-460e-9cca-29215a5d8857,41fdd647-d1ae-4474-87de-38418d409878,2f903959-b092-4f5d-8635-646c41a7dcca,20250417 14:45:47,2028.972,161.488,
batch0108@batch.com.tw,測零一零八,271931,b8cfc295-5056-4cd0-aa99-0319cb88f225,7728a743-8e0b-4161-a619-e3e1c91cbd65,7598d549-1b16-4d69-93c3-adccb0c7e049,20250417 14:45:51,2034,637.077,
batch0109@batch.com.tw,測零一零九,271932,60309cc6-de91-4d6a-8739-8b33f79be072,f9629dec-9dbf-4422-b993-8e642896446b,e65eab91-795f-4168-9099-8203453d389a,20250417 14:45:56,854.25,592.948,
batch0110@batch.com.tw,測零一一零,271933,29490ab5-8333-472a-af47-8de2a8e9d470,434ab7c5-e299-4acb-b076-51aaba6e7125,477c2852-a8c7-46bb-933c-a41fb9655f4a,20250417 14:46:00,1430.479,286.839,
batch0111@batch.com.tw,測零一一一,271934,e7c38fbf-224b-4a6d-91cd-c5ffe3bfa292,69f3cf2a-9f60-4d6c-877a-8b9c82da1558,bb6b29d4-53ca-4034-8cb1-88a380c9c344,20250417 14:46:03,1482.877,111.992,
batch0112@batch.com.tw,測零一一二,271935,e22af958-0eaf-4a90-b998-deeb3ab054d6,24aca212-0e29-4315-9fdd-4ae5adc191ed,8600694f-b9fd-4d4f-bc27-6eac0b6a086c,20250417 14:46:07,1336.172,466.692,
batch0113@batch.com.tw,測零一一三,271936,c4ade626-6537-4658-91d0-d6231bbf4c1f,65b47db7-5960-4fb5-9ba7-288e25ce9387,d8a91d69-7721-4830-8666-a5bf2165cbf3,20250417 14:46:11,1177.716,161.474,
batch0114@batch.com.tw,測零一一四,271937,6d21741b-b2bd-4b6c-8044-6577fac30290,4f03cc2c-b989-4943-ab57-5581f5db6bea,b957304e-ab37-46b4-a015-5de6ded148a8,20250417 14:46:14,706.863,939.456,
batch0115@batch.com.tw,測零一一五,271938,7078938b-f8fc-4dc9-87d8-49cc28c585cb,6817dd70-27db-4380-8131-f21810aa4572,82126fff-9126-423b-b2a0-fe5318ce1b1d,20250417 14:46:18,830.479,493.641,
batch0116@batch.com.tw,測零一一六,271939,4ff2b920-73b1-45bf-8c21-d681e9b5c03e,defe503d-9742-460c-b363-d84ebb0c92ca,0e9a66f9-80f8-4b7b-aeee-42a15c25be6a,20250417 14:46:21,799.582,571.63,
batch0117@batch.com.tw,測零一一七,271940,b981bf29-f2bb-4fc7-ba9a-35aa6f9ec4cd,2dfa15c5-40aa-4d5f-a2c5-8788b714c92d,ed46da21-a418-4f8d-b583-df55d0aa04ac,20250417 14:46:24,1102.899,565.314,
batch0118@batch.com.tw,測零一一八,271941,0817c4a1-e690-4514-b7be-70948e65ccc7,e3fca89d-51fa-4fb3-8eb6-a386a2619f3d,5f6b8d38-a132-4bd5-a81c-68eaabdf0cac,20250417 14:46:28,627.52,637.518,
batch0119@batch.com.tw,測零一一九,271942,1a46bf8f-d457-4628-ac00-1f1f0e3a25e7,2b07dba5-5ad7-4fa7-8c47-06b367bfc26c,dc90c6e0-1afc-438a-8ba7-7447757f85a3,20250417 14:46:31,822.172,880.325,
batch0120@batch.com.tw,測零一二零,271943,ca59c162-ab9a-49b4-90ae-6639af37d9d7,c99f65c7-7424-430d-b44a-de39d2d53b25,52c2a260-b8b1-4973-84e0-cecaa36447e0,20250417 14:46:35,811.478,81.807,
batch0121@batch.com.tw,測零一二一,271944,1f378bc0-6b8e-4000-b1b4-4f6fbc22c8ad,c51c5308-d3c2-45ba-9ba9-381801c0e6cf,50314a8d-d866-4bcf-9887-16c2774c1369,20250417 14:45:24,4121.68,226.504,
batch0122@batch.com.tw,測零一二二,271945,4783f931-7836-4b3b-9adb-e76292e21a96,44ace1e4-651a-4419-a780-1560e333441a,5ac87f1e-3016-4c9f-b638-c6bab08de8f8,20250417 14:45:31,2083.986,80.02,
batch0123@batch.com.tw,測零一二三,271946,7adb282d-b687-4c59-a94b-89acceb350fa,f7c5b41d-c169-40c2-9c5c-9ef5029fb4f3,14dda9ec-11bd-431c-95b6-dcaffc7d7282,20250417 14:45:35,2044.31,124.06,
batch0124@batch.com.tw,測零一二四,271947,59e2b01e-3a4b-4cc4-ac64-398a0403adad,484dc2e5-edfe-42f6-8463-ba65b7658a28,a64f5e88-efaa-4475-a442-e40863eaff2c,20250417 14:45:39,1971.497,1918.527,
batch0125@batch.com.tw,測零一二五,271948,3b666e19-c05c-4352-a514-f1485a6ca21f,e3bb60d4-3039-4748-888d-4f539cd7d1ae,9044717b-1e41-47d1-9161-4bb75cae686e,20250417 14:45:45,2592.875,1432.766,
batch0126@batch.com.tw,測零一二六,271949,f23f4717-a30e-4d51-b6ab-d520516c9233,f068cb77-5974-48ff-8abb-e07826f662cc,084440ba-e66d-432a-9519-dd11ccde36ce,20250417 14:45:51,2040.92,164.524,
batch0127@batch.com.tw,測零一二七,271950,54cb7d6e-ac85-45fd-8308-0d5f8fc39d02,31271df3-0391-489f-a81b-bb235a52b9e3,e1dd87d0-f1c2-43b1-998f-5b0308ace498,20250417 14:45:55,1708.239,86.222,
batch0128@batch.com.tw,測零一二八,271951,979d81e0-43b8-466b-94bd-438245fabca0,ce8d0ae4-6c59-4c26-97e9-4e5822c74dbb,c49f1d2d-a0cf-4391-8c2f-f65b604e7270,20250417 14:45:59,2837.551,1183.034,
batch0129@batch.com.tw,測零一二九,271952,b192092a-cae2-43f0-b29c-8e8d731b36c8,f22b8b05-767f-4b5f-9d31-6fa7d8755635,2d058f94-d056-439c-8cb7-a759905dffd5,20250417 14:46:05,2943.56,1413.821,
batch0130@batch.com.tw,測零一三零,271953,1e2b0f7e-0775-4658-837b-1d483fb08859,e5366fb5-62e0-4e86-b4e2-4b5d37dd85fb,33470bc6-7d8f-4111-bff1-3374be390da3,20250417 14:46:11,789.826,109.806,
batch0131@batch.com.tw,測零一三一,271954,187b2c88-8bfe-41da-96b0-24eb5afe5f0a,6d9ba195-9bfb-4ada-8a12-239d5b187fc1,8d079867-3bb3-4202-9e20-2ca2646ed2ab,20250417 14:46:14,2823.529,463.919,
batch0132@batch.com.tw,測零一三二,271955,bb073240-8808-4dfe-9c39-73d0b71653b6,e993b102-38aa-457b-a6f7-09bced117420,a1b63fb7-37f3-44bf-af7e-42c830d44e30,20250417 14:46:19,2953.573,111.409,
batch0133@batch.com.tw,測零一三三,271956,ca4c5ca8-55db-441c-87e1-3bb08ea65916,b7f79bc4-5a39-4a68-bda5-629c9673820a,11dc7872-de4c-43fc-8520-10c840daf60a,20250417 14:46:24,1212.078,1068.08,
batch0134@batch.com.tw,測零一三四,271957,8336c523-f0d4-4b21-88f9-6d3d98696918,595b1d7b-a1ea-4610-b4c4-b16485d64cde,1c871f16-d0c3-4187-a4eb-0b35cc49a47a,20250417 14:46:29,675.133,183.012,
batch0135@batch.com.tw,測零一三五,271958,bad4beb2-a626-4fcb-aa37-c0a70039f79c,46a45222-f365-4215-b3fa-355799ca4411,2ca7befc-063b-4a13-8f36-c486ba456d82,20250417 14:46:32,2691.695,958.085,
batch0136@batch.com.tw,測零一三六,271959,01b426e8-2abe-4710-8873-a1b1cf6fc366,1873eec6-2dba-46b2-a978-d11e9605a03e,99b4f371-50aa-4e55-8f5a-231877c5f123,20250417 14:46:37,651.351,337.228,
batch0137@batch.com.tw,測零一三七,271960,6b54041e-9c99-4a87-9cf4-58ea40e8cd9c,577278b4-bc37-43a9-b61e-689291077a25,3eb94308-c0f5-40ee-84b9-85c30e849bff,20250417 14:46:40,618.772,97.168,
batch0138@batch.com.tw,測零一三八,271961,d528261d-a5dd-4ba8-8a8a-11f8b112dd08,4b55c690-6e51-43e2-9f09-5a9174d2bf8f,50800359-118f-4e37-8505-3334ccb95d93,20250417 14:46:43,755.965,83.776,
batch0139@batch.com.tw,測零一三九,271962,452f02aa-4b3d-45ab-8172-97067b83cd3c,c9479c77-fe28-48dc-8d8b-d670d958b57b,56c94347-c743-4ae7-b0d4-df43a7547d69,20250417 14:46:46,2713.175,1350.444,
batch0140@batch.com.tw,測零一四零,271963,ded1aa81-8774-4a5c-bdab-f2d7c6c2c022,47d2d17d-7016-45af-b167-16393a6ad506,f15e28c8-a712-476f-8fd2-814453cfbe38,20250417 14:46:52,2661.262,1048.39,
batch0141@batch.com.tw,測零一四一,271964,e1552116-cbf7-46ad-9146-26ea59a27e2e,302b2825-451c-433d-8a5f-b427b1acfac3,29533bed-51ee-45a2-b35a-2911143eec73,20250417 14:45:24,2282.602,115.397,
batch0142@batch.com.tw,測零一四二,271965,dcd12f4a-fd61-4cb9-8665-3647a6ef5e2f,27e60e0b-994d-43fa-9bc8-ba2ea17cec6d,19df667d-39a1-4934-b7a5-e2efda883049,20250417 14:45:29,1695.692,148.483,
batch0143@batch.com.tw,測零一四三,271966,455ecb14-a0e8-4660-820a-8daeedca4cdc,f131f159-67ae-479c-9b6b-76e90266a796,c8e03794-2ccc-4b6f-ac55-b422ce3715f4,20250417 14:45:32,3613.368,88.46,
batch0144@batch.com.tw,測零一四四,271967,48bb104f-0517-47e3-9283-43042df2ebf8,b2786c72-e5f3-479d-b5b4-c14a7ff8e03e,5ca47f63-5d28-4186-aeb8-d26e967338d9,20250417 14:45:38,1631.618,305.017,
batch0145@batch.com.tw,測零一四五,271968,b4d31797-c110-4eef-bf5b-e0ae52030e9e,83636377-7072-41ab-a29f-c865b34f4fc4,ca4894d3-d518-423a-9ba0-308b90181eca,20250417 14:45:42,2690.652,87.772,
batch0146@batch.com.tw,測零一四六,271969,1c0f3717-7a0c-45bc-96c6-b225cbab584d,a660098a-870a-4d57-8076-6eb93cccf7c6,254e47a2-bd72-4f2d-8f19-fbb06ee947e6,20250417 14:45:47,1829.032,100.353,
batch0147@batch.com.tw,測零一四七,271970,72236907-3227-46f9-b842-27751e85cace,387543b4-75e9-4577-9999-c2cf03dde47c,a1ed8de0-5f35-4bcc-8cea-ec90a9611bbd,20250417 14:45:51,4987.696,1619.099,
batch0148@batch.com.tw,測零一四八,271971,6ed6bc1f-f78f-4cf0-a4a9-24f74246c557,73f77caf-7bc7-41b2-95d7-12a807dd4284,feda452d-5c03-4234-803b-41a59f59b7d0,20250417 14:45:59,1295.953,344.526,
batch0149@batch.com.tw,測零一四九,271972,26527f05-3a61-443d-8e4b-71c0e50a2bd0,f0918527-0023-47c2-9de5-d9109e41450f,6b9d9367-e8bc-4713-9070-8c8553b66e87,20250417 14:46:03,1723.617,137.587,
batch0150@batch.com.tw,測零一五零,271973,ee8809f2-b46b-47ff-b4ce-1e1aa8055660,c9089e8c-83a5-46b0-8525-e9e9e3e1c6d4,ba7408e4-e0f8-4cf0-aad4-2e9b68edc944,20250417 14:46:07,1419.606,301.888,
batch0151@batch.com.tw,測零一五一,271974,60cf6998-58fb-4136-8b75-8d09743bda37,4f727fa1-4790-4dd9-b90a-e561ed2aee9b,c9f1b17d-79b3-428d-9eba-de8fb43fb491,20250417 14:46:11,2664.003,281.577,
batch0152@batch.com.tw,測零一五二,271975,e4c395fc-0bcc-439e-aa4f-1cb24fc89ca3,7054f07a-ae2a-43c9-9443-5b8f017d0924,3606ebcc-7625-4e1b-afcc-61a5d4137717,20250417 14:46:16,1309.349,1451.931,
batch0153@batch.com.tw,測零一五三,271976,ddbf55fa-3a41-49cf-9d35-e7c14d3b5896,f5813db3-4b92-4587-8209-0496bc2faa1f,85a13313-309b-4f49-b6c3-c132b7667a12,20250417 14:46:20,596.256,319.1,
batch0154@batch.com.tw,測零一五四,271977,360ab142-3314-4ca6-b089-0db6b59a5ee2,ca6d76ba-33fe-4203-a077-476cb25200d7,c4726928-6727-4a0b-b81b-e3f20c6d9e26,20250417 14:46:23,2581.437,150.367,
batch0155@batch.com.tw,測零一五五,271978,4bc08cbd-01e5-4a67-b5ac-943ae0abdced,6c254b8b-eba2-4cfc-a6da-fae43d92bf48,64702cb2-df76-4a76-a146-823188c06975,20250417 14:46:28,2868.192,253.278,
batch0156@batch.com.tw,測零一五六,271979,71828518-9873-496e-a4d4-8a08ebcf89d5,e03504b3-440f-4593-9824-37f5a40357cf,11fb5c1d-7b22-4b4c-95ce-3b6947651807,20250417 14:46:33,1736.194,129.7,
batch0157@batch.com.tw,測零一五七,271980,537cdefe-72a3-493a-8fc3-94b4b779982f,a1ea4099-e6c3-4190-8832-8282d1a13afb,b63a26b5-1eea-4530-963f-4e9f46f540ea,20250417 14:46:37,1827.699,2128.033,
batch0158@batch.com.tw,測零一五八,271981,71ecf943-7e37-4fa6-991f-4455d54bfec8,47d6e148-46f0-4738-9382-65ea8fb81bb9,d1b0fa57-e6ec-4f55-b101-5ebd1bda6726,20250417 14:46:43,2190.499,79.097,
batch0159@batch.com.tw,測零一五九,271982,113f2fd2-57f9-473b-827c-8c599c1d25dd,f663a303-e67d-4755-9582-eb0626090393,5bb691d8-6a0d-453c-987a-0ba066399ac3,20250417 14:46:47,693.158,249.758,
batch0160@batch.com.tw,測零一六零,271983,86c87660-55f9-40c2-9283-413c5840821b,0484bf75-ab7d-445b-9b91-75dbde081628,97c5834c-321c-420e-94dc-cb93409ad4d0,20250417 14:46:50,623.714,81.549,
batch0161@batch.com.tw,測零一六一,271984,fc1cb60f-fffb-4e83-8f2b-845537b60d66,b32657e3-7a78-45b3-adb2-5183ce4a597b,79c6fe07-b597-48d0-8492-e02ce48ac089,20250417 14:45:24,3924.621,535.305,
batch0162@batch.com.tw,測零一六二,271985,e68224fa-004d-4665-8d5b-01d4a21f0ffb,5ce35f17-604d-4e7f-a683-0a8c7262b2b2,5c8ba7ad-0817-4511-83d9-69a6f9768402,20250417 14:45:31,2562.159,1417.302,
batch0163@batch.com.tw,測零一六三,271986,3e86a684-c712-4bed-a860-bb2422394712,5e78816d-ea99-4559-933b-9e2f6352d352,c204afd2-d07d-46f6-a18d-7c0b23495d09,20250417 14:45:37,1381.723,1532.136,
batch0164@batch.com.tw,測零一六四,271987,8dd205d1-d001-44fb-96c9-934536c82f11,497bc320-2a15-4606-a1fe-95c6d1164a7d,5252194b-01b2-4fca-b5ba-8fc3a112baee,20250417 14:45:42,3240.483,1252.189,
batch0165@batch.com.tw,測零一六五,271988,2e318284-944f-4835-8875-49aac9f40f91,49f60b1f-b6b6-4b03-86b2-7b8e2c3bdf63,740661d6-50e5-48e5-86e8-748dd01ba6bb,20250417 14:45:48,1930.741,1974.345,
batch0166@batch.com.tw,測零一六六,271989,15068bcc-5b2f-45de-a1b8-7686a945b8bf,f5bd03b2-a625-47ca-8b80-fcf83d33aaf5,d2a9f17b-692a-4e11-a3aa-9b5f94ca7ddc,20250417 14:45:54,2110.21,1347.346,
batch0167@batch.com.tw,測零一六七,271990,f9149e5d-ad00-40f0-b002-70795665b9c4,ef264a80-7b18-4479-85c7-98a424fa9973,270067d9-7911-4fcf-964c-d170ba028302,20250417 14:45:59,3487.774,378.236,
batch0168@batch.com.tw,測零一六八,271991,df79f8f3-1610-46c1-850f-855b9a4aa241,52c51025-d311-453c-875b-918ea5ca04cc,160648e7-9e64-4c8b-9cd8-494a3238693f,20250417 14:46:05,2876.734,1034.707,
batch0169@batch.com.tw,測零一六九,271992,cfeb86ce-f3fb-4afa-b434-f5da68b80644,3e16cc17-f560-4dc2-8b72-44f7c1c83bda,a4c0db26-31cb-4932-9aba-7ee493383764,20250417 14:46:11,2446.169,1626.292,
batch0170@batch.com.tw,測零一七零,271993,2546fb5d-d8be-4994-a929-99ba55f8cfdc,1f4f7825-6a4f-4fa8-b583-01e8d7182899,9df21790-5897-443a-a8c5-9940f77fe347,20250417 14:46:17,2550.473,1497.727,
batch0171@batch.com.tw,測零一七一,271994,b3c67b7a-f898-4714-b782-eff72acf7b58,b848e364-2ff8-4fe2-93b2-bfe3f47df7e2,948e1434-df60-4d26-bd0a-5434fbfa982d,20250417 14:46:23,3142.08,303.497,
batch0172@batch.com.tw,測零一七二,271995,6beb7e60-a164-4120-b51d-f8de17b8edfb,f2d67534-c1bc-4c75-a27b-92ca8026120a,a6f1aa47-d7af-47e3-90df-93a6dc868ba2,20250417 14:46:29,4379.231,130.201,
batch0173@batch.com.tw,測零一七三,271996,fa58791e-96e4-448c-8eeb-178bb88ba89d,124972a0-c44a-4b47-8d2a-b880a57b83d3,be546fc9-0ee9-4811-9c52-5866a2022b39,20250417 14:46:35,1236.454,1299.565,
batch0174@batch.com.tw,測零一七四,271997,9354f16b-c805-4787-ad0a-bcd86ceb9b3a,a3bc29ad-0f78-44b8-8cde-11f4a955bffb,a89643e7-b020-4dfa-a6c8-840df9a320bc,20250417 14:46:40,2295.285,1712.821,
batch0175@batch.com.tw,測零一七五,271998,0d440653-1cd7-4e72-a0a2-6d9f0e72e955,3ddeef97-5fed-4e36-992b-15d7e4403361,8aeb5b00-4305-4f49-a086-960c0794e611,20250417 14:46:46,3356.52,697.581,
batch0176@batch.com.tw,測零一七六,271999,e3c8fdf9-cf84-4bd0-8787-db559b141ee5,3aa812bc-df8b-4c0e-aaaf-626f82975283,081c85f2-faee-4d4d-b7f6-bbe72743a765,20250417 14:46:52,4640.479,101.833,
batch0177@batch.com.tw,測零一七七,272000,c86c448c-4c21-4c30-8bf6-8ffc764c0a10,a3bf0f8a-71ae-492f-a9f7-ca048353adf6,34048bf0-0860-4c36-b3e4-a0314e274334,20250417 14:46:59,1501.695,1064.699,
batch0178@batch.com.tw,測零一七八,272001,f9a827b8-9554-4660-a762-2cb31ddd38b9,498f1d00-cadc-4905-804a-f87e74fb6b9e,caefdf7e-13ad-4982-bf2f-65f31de59ca0,20250417 14:47:03,2386.976,925.857,
batch0179@batch.com.tw,測零一七九,272002,225ae31f-9413-4706-af53-8584c2851d28,a3747417-0866-4c60-b7ab-b809655d764a,9210f9e2-5998-44fd-b9bb-0f4d34175f47,20250417 14:47:09,1731.6,1578.934,
batch0180@batch.com.tw,測零一八零,272003,982c48fa-7f2f-4ed5-88f9-8146c95aea3d,c65b3543-cedf-4df5-9eb4-972fb7e08e77,c495bedf-9f1f-4795-a2e9-d9863542e41d,20250417 14:47:14,1699.068,88.439,
batch0181@batch.com.tw,測零一八一,272004,1d2bb112-5e20-46f6-b943-7c30c8673c46,109e3508-09a5-468a-b16a-57e29713e026,d68927c4-1eb7-429b-a0ec-d66db2839b52,20250417 14:45:24,5574.782,1583.976,
batch0182@batch.com.tw,測零一八二,272005,e68385db-ec66-456c-add1-056c11562e2b,2902c177-6177-45a7-bd93-e04ac1510c65,57e7a1b7-cc9b-4c51-b3c9-9dd58982c5c2,20250417 14:45:33,2999.184,134.212,
batch0183@batch.com.tw,測零一八三,272006,d84bdfa7-ae4e-4c33-aaec-c317728847bd,ac01a4b8-1313-47ed-905b-77362fbaf632,fb629fc6-335c-492c-8019-8a7ea8f23b6b,20250417 14:45:39,2988.308,1285.727,
batch0184@batch.com.tw,測零一八四,272007,6d5e00f4-35fc-4afd-9f12-26970be5f354,dace2737-1e98-4888-8516-ea8300bc5eff,16789281-0091-43ee-af82-5e66a6f599cc,20250417 14:45:45,2943.576,1084.655,
batch0185@batch.com.tw,測零一八五,272008,276d2787-07b4-4553-bf67-529b80f52e64,539df675-4d52-4b8b-baef-c3258b0618c8,fe642a74-7b3a-4b60-b930-6786011f5eb4,20250417 14:45:51,2881.883,1039.261,
batch0186@batch.com.tw,測零一八六,272009,28c8b066-b140-42aa-b427-6dc24eb51836,5c0fe1be-7e33-43c3-9aa6-18d090454a3d,b7fb4f0b-438e-4bdb-ac1e-30595691b321,20250417 14:45:57,4640.681,1442.039,
batch0187@batch.com.tw,測零一八七,272010,d434e90b-45e5-4963-b207-5053d6ac6313,7d223f72-24bd-46c4-b65a-82705b98dd00,817589bb-d8a1-41f6-9dc1-b9871945b510,20250417 14:46:05,2796.525,1572.993,
batch0188@batch.com.tw,測零一八八,272011,fc95873b-c254-43fa-b816-afa125d5b7e0,be6770a7-bbd3-4e0d-9b71-97b6331cb0ea,226be655-181a-4451-834b-15c3b13b30c7,20250417 14:46:11,2714.146,1411.908,
batch0189@batch.com.tw,測零一八九,272012,f412ce60-946a-4cab-acc2-d7e6b6a1e665,fc9b0480-e331-407b-8e3b-4315638d7891,561e130f-8d1a-4630-a2c9-8521111bedaf,20250417 14:46:17,2136.863,1861.608,
batch0190@batch.com.tw,測零一九零,272013,0a5840e3-9763-4221-918a-3b0662d81367,8f66fd69-411a-40b9-a825-8256080b88ba,7c30a281-ef67-4715-a193-58836a87204c,20250417 14:46:23,2899.55,629.841,
batch0191@batch.com.tw,測零一九一,272014,f434b0ad-776f-4c18-9a99-8abd6a3c6bc0,60bc5067-54aa-4323-b51f-2ffe6c9b3a0e,ec6f841d-3a28-4ef6-830f-a052cfe99cb6,20250417 14:46:29,5116.297,1138.037,
batch0192@batch.com.tw,測零一九二,272015,339ae83a-794a-468f-9e4d-a6289d6676d1,5a1a7028-1b04-4fe0-af31-f8c81a28706c,92a1c477-e1d3-4785-b533-b14abd3145fc,20250417 14:46:37,2733.197,1177.569,
batch0193@batch.com.tw,測零一九三,272016,8bc64031-1062-4008-836c-3d0d86f4e48f,ba6ca7da-d7a1-41b9-ad54-830bc3e10125,42e1c8f1-0ad3-4c48-9f31-5a7cde45eb12,20250417 14:46:43,2374.251,2000.145,
batch0194@batch.com.tw,測零一九四,272017,d104fbb1-772a-4180-8b94-7d5888b4be90,4a01fffd-b8db-4a6f-879f-5f2ff43a10cd,b42c43a6-fb38-4093-941c-d829522a437e,20250417 14:46:49,1720.291,2271.282,
batch0195@batch.com.tw,測零一九五,272018,c1c70f83-59b3-4cda-aa88-1358dcc66b31,4bfce7aa-0157-4eef-8d87-7f9c42035082,e9bf301f-218f-4549-bb5c-1cba42f54a95,20250417 14:46:55,1723.92,1340.813,
batch0196@batch.com.tw,測零一九六,272019,11160ad5-5a0c-4f19-bafe-ce1721407699,8477d39f-3647-423b-93fb-6cd2e30bbe1d,2abada56-98ec-425b-b456-cfe70f434c12,20250417 14:47:00,1861.686,1548.338,
batch0197@batch.com.tw,測零一九七,272020,a955ee2c-ca73-4fb5-8f1f-5a4bc5167772,e7108a59-c0ac-4882-8953-1589b8a929ec,d2a96cf4-5613-48b1-9065-e8fa8ec52bf2,20250417 14:47:06,1942.953,1328.778,
batch0198@batch.com.tw,測零一九八,272021,5aa7f4a0-1d22-4f8d-ac03-95cc029bd837,7f30bc2d-c454-42c6-989d-41c0c619a00a,8604ce97-2526-4a37-8fad-c9390ece412e,20250417 14:47:11,1763.658,1725.901,
batch0199@batch.com.tw,測零一九九,272022,7238cf8b-9b6a-41b0-bb57-d1a743c024f7,2ac707dd-7fe7-41f0-83d4-7f2b792d5c42,673835ca-f4f4-4f53-b9a6-cf4e644d9068,20250417 14:47:17,1917.221,1053.348,
batch0200@batch.com.tw,測零二零零,272023,5952c23d-d68f-4b7f-bd6b-1f27e1597dfe,2ded1f18-af0a-4f4a-9340-ae3de0566a74,147bcd2d-8578-4d9d-bad7-38dfff1d77d1,20250417 14:47:22,1137.993,604.319,